<?xml version='1.0' encoding='utf-8' standalone='yes' ?>
<map>
    <set name="device-name/V2513i android-min-sdk/28 kotlin/2.1.21 fire-transport/18.2.0 fire-installations/18.0.0 device-brand/vivo fire-android/35 fire-core/21.0.0 fire-core-ktx/21.0.0 fire-fcm/24.1.1 android-installer/com.google.android.packageinstaller android-platform/ device-model/V2513 android-target-sdk/35">
        <string>2025-11-29</string>
    </set>
    <long name="fire-count" value="1" />
    <string name="last-used-date">2025-11-29</string>
    <long name="fire-global" value="1764431087154" />
</map>
