<?xml version='1.0' encoding='utf-8' standalone='yes' ?>
<map>
    <long name="prev_session_dur" value="25" />
    <boolean name="ddl_sent" value="true" />
    <long name="af_rc_max_age" value="86400" />
    <string name="sentSuccessfully">true</string>
    <int name="versionCode" value="124" />
    <string name="af_remote_config">eyJmZWF0dXJlcyI6e30sInZlciI6ImRlZmF1bHQudjEuMTYzNzE0OTUyOSJ9</string>
    <string name="savedProperties">{&quot;uid&quot;:&quot;1763776411907-48593397386425248&quot;,&quot;logLevel&quot;:&quot;0&quot;}</string>
    <string name="AF_INSTALLATION">1763776411907-48593397386425248</string>
    <boolean name="afUninstallToken_queued" value="false" />
    <int name="appsFlyerCount" value="3" />
    <long name="AppsFlyerTimePassedSincePrevLaunch" value="1763776488102" />
    <long name="af_rc_timestamp" value="1763776412510" />
    <boolean name="newGPReferrerSent" value="true" />
    <string name="first_launch">{&quot;net&quot;:2718,&quot;from_fg&quot;:1072,&quot;start_with&quot;:&quot;application&quot;,&quot;init_to_fg&quot;:417}</string>
    <string name="appsFlyerFirstInstall">2025-11-22_072332+0530</string>
</map>
