<?xml version='1.0' encoding='utf-8' standalone='yes' ?>
<map>
    <long name="fire-count" value="1" />
    <string name="last-used-date">2025-11-22</string>
    <long name="fire-global" value="1763776411696" />
    <set name="fire-cls/19.2.1 kotlin/2.1.10 fire-installations/18.0.0 device-brand/Realme android-min-sdk/23 fire-auth/23.1.0 fire-fcm-ktx/24.1.0 android-installer/com.android.vending fire-core/21.0.0 fire-android/30 fire-core-ktx/21.0.0 fire-analytics-ktx/22.1.2 fire-analytics/22.1.2 device-model/RMX3471 device-name/RMX3471 android-platform/ fire-fcm/24.1.0 android-target-sdk/27 fire-auth-ktx/23.1.0 fire-transport/19.0.0 fire-sessions/2.0.6">
        <string>2025-11-22</string>
    </set>
</map>
