<?xml version='1.0' encoding='utf-8' standalone='yes' ?>
<map>
    <set name="ROUTER_MAP">
        <string>com.alibaba.android.arouter.routes.ARouter$$Group$$app</string>
        <string>com.alibaba.android.arouter.routes.ARouter$$Root$$arouterapi</string>
        <string>com.alibaba.android.arouter.routes.ARouter$$Providers$$arouterapi</string>
        <string>com.alibaba.android.arouter.routes.ARouter$$Providers$$app</string>
        <string>com.alibaba.android.arouter.routes.ARouter$$Group$$arouter</string>
        <string>com.alibaba.android.arouter.routes.ARouter$$Root$$app</string>
    </set>
    <string name="LAST_VERSION_NAME">2.0.5</string>
    <int name="LAST_VERSION_CODE" value="124" />
</map>
