{"Fid":"cgZIHOrITveA03a60kFebf","Status":3,"AuthToken":"eyJhbGciOiJFUzI1NiIsInR5cCI6IkpXVCJ9.eyJhcHBJZCI6IjE6NzMyNTY1OTIwMjU5OmFuZHJvaWQ6ZjZlNThhYjBlZDIwYzNjZCIsImV4cCI6MTc1OTU5MTA2MSwiZmlkIjoiY2daSUhPcklUdmVBMDNhNjBrRmViZiIsInByb2plY3ROdW1iZXIiOjczMjU2NTkyMDI1OX0.AB2LPV8wRQIgYj1hLE-irxEXmWWKt6VUSqFlmsDV-Xp5M1jrbGIwA6cCIQCiS6z7ZDxt3g_TMpMXl5U4yJpIncZRaZi0pRo1FuWktQ","RefreshToken":"3_AS3qfwKblukPJAf6PhODl5XWjKJJUEZHteIBtJyYAdZxEfb13Xacd4Lq6i6mQDcq-6Ue27sfD4O3KMzCsy5CfoOhCQ7t9CZ8VPmgJicWnU5Ex6I","TokenCreationEpochInSecs":1758986260,"ExpiresInSecs":604800}