{"Fid":"ea56_8OBQmKwwzTkW9DljK","Status":3,"AuthToken":"eyJhbGciOiJFUzI1NiIsInR5cCI6IkpXVCJ9.eyJhcHBJZCI6IjE6NDEyODI2MTM4NzM1OmFuZHJvaWQ6OGEzMmY3OTFlNDE1NjM0ZjJmZjU5YSIsImV4cCI6MTc2NTAxNDA5OCwiZmlkIjoiZWE1Nl84T0JRbUt3d3pUa1c5RGxqSyIsInByb2plY3ROdW1iZXIiOjQxMjgyNjEzODczNX0.AB2LPV8wRQIhAKH-nFfObMrd1-BVSEvvpvpTzfxnBMjeTbtKtPD9ByKnAiAdytXMdMfe7o_AKKjujK8I4Avv3Ts8y6GZgnGT55FmkA","RefreshToken":"3_AS3qfwIc4dF8ezrbW_8ZaW_2gU2QNFuT4Zn-f07yA4f3DoFW1bAe9lBltwPUlj-neR5NEf7dsvdb_3a33foDrAnCU0_9wHJWmKBwE9WSN7LEYmA","TokenCreationEpochInSecs":1764409298,"ExpiresInSecs":604800}