<?xml version='1.0' encoding='utf-8' standalone='yes' ?>
<map>
    <string name="prev_event_name">number_verified</string>
    <long name="prev_event_timestamp" value="1764410142970" />
    <int name="appsFlyerInAppEventCount" value="2" />
    <long name="prev_session_dur" value="12" />
    <string name="afUninstallToken">cRd_iB3rR2-_Ewy3Dj2Wu0:APA91bGUlxCj4sDLkGFhgqXPm0FVoVyZrnkuLgN7ygSZCIilOD7OwGWtKa3OuJIGvGWurOfBgyIn6hhqTx929XkXMt_CzZwN0kyj82JWARQi5gcsfe-TVBA</string>
    <boolean name="ddl_sent" value="true" />
    <long name="af_rc_max_age" value="86400" />
    <string name="sentSuccessfully">true</string>
    <int name="versionCode" value="20251901" />
    <string name="af_remote_config">eyJmZWF0dXJlcyI6e30sInZlciI6ImRlZmF1bHQudjEuMTYzNzE0OTUyOSJ9</string>
    <boolean name="sentRegisterRequestToAF" value="true" />
    <string name="savedProperties">{&quot;uid&quot;:&quot;1764410105706-8306758019592416005&quot;,&quot;waitForCustomerId&quot;:&quot;false&quot;,&quot;logLevel&quot;:&quot;0&quot;,&quot;AppUserId&quot;:&quot;a4ca974a2514dfb0&quot;}</string>
    <string name="AF_INSTALLATION">1764410105706-8306758019592416005</string>
    <boolean name="afUninstallToken_queued" value="false" />
    <int name="appsFlyerCount" value="4" />
    <long name="AppsFlyerTimePassedSincePrevLaunch" value="1764410135622" />
    <long name="af_rc_timestamp" value="1764410106324" />
    <boolean name="newGPReferrerSent" value="true" />
    <string name="appsFlyerFirstInstall">2025-11-29_152505+0530</string>
    <long name="afUninstallToken_received_time" value="1764410108906" />
    <string name="attributionId">{&quot;af_status&quot;:&quot;Organic&quot;,&quot;af_message&quot;:&quot;organic install&quot;,&quot;is_first_launch&quot;:false}</string>
</map>
