<?xml version='1.0' encoding='utf-8' standalone='yes' ?>
<map>
    <long name="first_open_time" value="1764410104974" />
    <string name="gmp_app_id">1:412826138735:android:8a32f791e415634f2ff59a</string>
    <string name="app_instance_id">f2ac722ff3cc167783d304a961135c81</string>
    <long name="session_id" value="1764410105" />
    <boolean name="app_backgrounded" value="true" />
    <long name="health_monitor:start" value="1764410105377" />
    <boolean name="use_service" value="true" />
    <boolean name="deferred_analytics_collection" value="false" />
    <string name="default_event_parameters">[{&quot;n&quot;:&quot;sc_session_id&quot;,&quot;v&quot;:&quot;4198305017_022e66cb-aeba-42ce-8eea-660b4d09ceb7&quot;,&quot;t&quot;:&quot;s&quot;}]</string>
    <string name="previous_os_version">15</string>
    <boolean name="has_been_opened" value="true" />
    <boolean name="allow_remote_dynamite" value="true" />
    <long name="last_pause_time" value="1764410147213" />
    <boolean name="start_new_session" value="false" />
</map>
