{"Fid":"cGNsC9h1QvWCQ79EMhtScr","Status":3,"AuthToken":"eyJhbGciOiJFUzI1NiIsInR5cCI6IkpXVCJ9.eyJhcHBJZCI6IjE6Njg1MDgyODIyOTcyOmFuZHJvaWQ6NTg1ZDJiMDMzNjk4ZTc3MDJiMzYzOSIsImV4cCI6MTc2NDM4MTIxMywiZmlkIjoiY0dOc0M5aDFRdldDUTc5RU1odFNjciIsInByb2plY3ROdW1iZXIiOjY4NTA4MjgyMjk3Mn0.AB2LPV8wRQIhAOlkeQP3ftsZc55-cYDy6dTiQeM09V1z5dx4G2zwOm9CAiBoRbE2iYjd0SteRc6w44noIqVLxmr5-DmHxqxWm-FhyQ","RefreshToken":"3_AS3qfwKVfZ-F2PaZSh2bDFuy6LR3DOO3lJtqqPJ-Wq7WHEVDJEupMC8h_sTckbUMnFxeFtad9-ijHiFlVTMY0j1xPfAd5Yn1N9G4spyOBOdIpYA","TokenCreationEpochInSecs":1763776413,"ExpiresInSecs":604800}