<?xml version='1.0' encoding='utf-8' standalone='yes' ?>
<map>
    <long name="fire-count" value="1" />
    <string name="last-used-date">2025-09-27</string>
    <set name="fire-perf/20.3.1 android-target-sdk/32 fire-cls/18.3.5 fire-core/20.3.1 kotlin/1.7.10 fire-analytics/21.2.0 fire-fcm/23.1.2 fire-db-ktx/20.1.0 fire-core-ktx/20.3.1 fire-abt/21.1.0 device-brand/realme fire-android/34 device-name/raphael fire-installations/17.1.3 android-installer/com.google.android.packageinstaller fire-rc/21.2.1 android-platform/ android-min-sdk/21 fire-rtdb/20.1.0 fire-transport/18.1.7 fire-perf-ktx/20.3.1 fire-gcs/20.1.0 device-model/RE588BL1">
        <string>2025-09-27</string>
    </set>
    <long name="fire-global" value="1758986259816" />
</map>
