{"Fid":"dRsVf2BNRwGyyIP1ktLl1V","Status":3,"AuthToken":"eyJhbGciOiJFUzI1NiIsInR5cCI6IkpXVCJ9.eyJhcHBJZCI6IjE6NDg0Mjg2MDgwMjgyOmFuZHJvaWQ6N2ViNTE2ZDQ5YmI0YWQxMSIsImV4cCI6MTc2NTAzNTg4OCwiZmlkIjoiZFJzVmYyQk5Sd0d5eUlQMWt0TGwxViIsInByb2plY3ROdW1iZXIiOjQ4NDI4NjA4MDI4Mn0.AB2LPV8wRQIgHLXa7JIpwJASxsskc_4_AYrLA_d5Jz_wTk2v0cxN0pECIQCzfVMaXZMYD_oPWjoO55SUM7g5_lD3V-_ivXgoCCHo-g","RefreshToken":"3_AS3qfwJ4bOWDXX36FTk82CeQ90TbUqkgjUmm_DuZQC8pL82Vyo0dZsL2P-DUW0IH5ad7YVDeXFZpuKYv61YSnfHvni8oOru_chXJt0_2D9QGxKA","TokenCreationEpochInSecs":1764431088,"ExpiresInSecs":604800}