<?xml version='1.0' encoding='utf-8' standalone='yes' ?>
<map>
    <string name="prev_event_name">number_verified</string>
    <long name="prev_event_timestamp" value="1764409355476" />
    <int name="appsFlyerInAppEventCount" value="2" />
    <string name="afUninstallToken">ea56_8OBQmKwwzTkW9DljK:APA91bHAw0yjcqACFENPM5gxq3uCJ8LuYrr0FnBQMmGWTAHEzhCV8AvyDxqb4RHiY8opOf1km_qUbdhiu4K6NfBii3NF0tp3gORPnT8-L1q9oNqTsdHX2so</string>
    <long name="prev_session_dur" value="2" />
    <boolean name="ddl_sent" value="true" />
    <long name="af_rc_max_age" value="86400" />
    <string name="sentSuccessfully">true</string>
    <int name="versionCode" value="20251901" />
    <string name="af_remote_config">eyJmZWF0dXJlcyI6e30sInZlciI6ImRlZmF1bHQudjEuMTYzNzE0OTUyOSJ9</string>
    <string name="savedProperties">{&quot;uid&quot;:&quot;1764409332276-5832390093581211643&quot;,&quot;waitForCustomerId&quot;:&quot;false&quot;,&quot;logLevel&quot;:&quot;0&quot;,&quot;AppUserId&quot;:&quot;a4ca974a2514dfb0&quot;}</string>
    <string name="AF_INSTALLATION">1764409332276-5832390093581211643</string>
    <boolean name="afUninstallToken_queued" value="false" />
    <int name="appsFlyerCount" value="10" />
    <long name="AppsFlyerTimePassedSincePrevLaunch" value="1764409690981" />
    <boolean name="newGPReferrerSent" value="true" />
    <long name="af_rc_timestamp" value="1764409332647" />
    <string name="first_launch">{&quot;net&quot;:974,&quot;from_fg&quot;:659,&quot;start_with&quot;:&quot;application&quot;,&quot;init_to_fg&quot;:24}</string>
    <string name="appsFlyerFirstInstall">2025-11-29_151212+0530</string>
    <long name="afUninstallToken_received_time" value="1764409304801" />
    <string name="attributionId">{&quot;install_time&quot;:&quot;2025-11-29 09:42:13.996&quot;,&quot;af_message&quot;:&quot;organic install&quot;,&quot;af_status&quot;:&quot;Organic&quot;,&quot;is_first_launch&quot;:false}</string>
</map>
