<?xml version='1.0' encoding='utf-8' standalone='yes' ?>
<map>
    <long name="first_open_time" value="1764409297217" />
    <string name="gmp_app_id">1:412826138735:android:8a32f791e415634f2ff59a</string>
    <string name="app_instance_id">c2af6a7939bed938755f9a5b655387bb</string>
    <long name="session_id" value="1764409297" />
    <boolean name="app_backgrounded" value="false" />
    <long name="health_monitor:start" value="1764409297599" />
    <boolean name="use_service" value="true" />
    <boolean name="deferred_analytics_collection" value="false" />
    <string name="default_event_parameters">[{&quot;n&quot;:&quot;sc_session_id&quot;,&quot;v&quot;:&quot;3544396468_d61df263-8e28-4057-8268-37928fbc20c4&quot;,&quot;t&quot;:&quot;s&quot;}]</string>
    <string name="previous_os_version">15</string>
    <boolean name="has_been_opened" value="true" />
    <boolean name="allow_remote_dynamite" value="true" />
    <long name="last_pause_time" value="1764409699401" />
    <boolean name="start_new_session" value="false" />
</map>
